Team,Bet365,Skybet,WilliamHill,PaddyPower
Brazil,9/2,5/1,5/1,5/1
Panama,1000/1,2000/1,1000/1,500/1
Costa Rica,500/1,500/1,250/1,425/1
France,6/1,11/2,11/2,11/2
Peru,200/1,250/1,125/1,125/1
Argentina,9/1,15/2,8/1,8/1
Nigeria,200/1,250/1,200/1,150/1
Saudi Arabia,1000/1,2000/1,1000/1,500/1
Australia,300/1,750/1,250/1,275/1
Iran,500/1,500/1,500/1,425/1
Iceland,200/1,250/1,150/1,175/1
Germany,9/2,9/2,9/2,9/2
Belgium,12/1,11/1,12/1,10/1
Spain,15/2,6/1,7/1,6/1
Denmark,80/1,80/1,100/1,80/1
Poland,40/1,50/1,40/1,50/1
Morocco,400/1,500/1,500/1,325/1
Sweden,125/1,100/1,80/1,80/1
Croatia,40/1,40/1,33/1,40/1
Switzerland,80/1,100/1,66/1,70/1
Russia,33/1,40/1,33/1,40/1
England,16/1,16/1,16/1,16/1
Portugal,25/1,25/1,25/1,20/1
Uruguay,25/1,28/1,28/1,33/1
Egypt,150/1,200/1,250/1,275/1
Mexico,100/1,100/1,80/1,100/1
Serbia,150/1,200/1,150/1,125/1
Tunisia,750/1,750/1,500/1,500/1
Senegal,125/1,200/1,125/1,125/1
Colombia,33/1,40/1,33/1,30/1
Japan,250/1,200/1,250/1,250/1
South Korea,750/1,500/1,500/1,500/1
